source,target
ablation study,消融实验
ablation,消融
baseline method,基线方法
case study,案例研究
literature review,文献综述
systematic review,系统综述
meta-analysis,元分析
related work,相关工作
state of the art,最先进
state-of-the-art,最先进的
research question,研究问题
research gap,研究空白
hypothesis,假设
methodology,研究方法
experimental setup,实验设置
empirical evaluation,实证评估
empirical study,实证研究
quantitative analysis,定量分析
qualitative analysis,定性分析
quantitative research,定量研究
qualitative research,质性研究
mixed methods,混合方法
comparative analysis,对比分析
statistical analysis,统计分析
evaluation metric,评估指标
ground truth,真值
gold standard,金标准
human evaluation,人工评估
user study,用户研究
questionnaire,问卷
interview,访谈
reproducibility,可复现性
replication,可重复性
open source,开源
peer review,同行评审
preprint,预印本
proof of concept,概念验证
scalability,可扩展性
robustness,鲁棒性
generalizability,可泛化性
limitation,局限性
future work,未来工作
contribution,贡献
framework,框架
pipeline,流水线
workflow,工作流
cross-disciplinary,跨学科
interdisciplinary,跨学科的
trade-off,权衡
bottleneck,瓶颈
overhead,开销
throughput,吞吐量
latency,延迟
end-to-end,端到端
real-world,真实场景
in the wild,真实环境中
field study,实地研究
exploratory analysis,探索性分析
descriptive statistics,描述性统计
inferential statistics,推断统计
control group,对照组
experimental group,实验组
within-subject design,组内设计
between-subject design,组间设计
pretest,前测
posttest,后测
corresponding author,通讯作者
conflict of interest,利益冲突
ethics approval,伦理批准
informed consent,知情同意
acknowledgment,致谢
acknowledgement,致谢
appendix,附录
supplementary material,补充材料
citation,引用
triangulation,三角验证
